sexo,cpro,grupo_edad,poblacion_total,poblacion_agregada,porcentaje
Hombres,1,0-9,14.076,149.174,9.435960690200705
Hombres,1,10-19,15.100999999999999,149.174,10.123077748133051
Hombres,1,20-29,12.443000000000001,149.174,8.341265904246049
Hombres,1,30-39,16.585,149.174,11.117889176398032
Hombres,1,40-49,25.571,149.174,17.141727110622497
Hombres,1,50-59,23.826999999999998,149.174,15.972622574979553
Hombres,1,60-69,19.063000000000002,149.174,12.779036561331065
Hombres,1,70-79,14.437999999999999,149.174,9.67863032431925
Hombres,1,80+,8.07,149.174,5.409789909769799
Mujeres,1,0-9,13.061,153.673,8.499215867458824
Mujeres,1,10-19,14.076,153.673,9.159709252763987
Mujeres,1,20-29,11.984,153.673,7.798377073396106
Mujeres,1,30-39,16.163,153.673,10.517787770135287
Mujeres,1,40-49,24.491,153.673,15.937087191634184
Mujeres,1,50-59,24.104,153.673,15.685253753099113
Mujeres,1,60-69,20.472,153.673,13.321793678785474
Mujeres,1,70-79,16.17,153.673,10.522342896930496
Mujeres,1,80+,13.152,153.673,8.558432515796529
Hombres,2,0-9,16.271,179.69,9.055039234236743
Hombres,2,10-19,19.508,179.69,10.856475040347265
Hombres,2,20-29,19.915999999999997,179.69,11.083532750848683
Hombres,2,30-39,21.817,179.69,12.141465857866326
Hombres,2,40-49,28.326999999999998,179.69,15.764371973955143
Hombres,2,50-59,29.069000000000003,179.69,16.177305359229784
Hombres,2,60-69,20.700000000000003,179.69,11.51983972396906
Hombres,2,70-79,14.065000000000001,179.69,7.827369358339363
Hombres,2,80+,10.017000000000001,179.69,5.574600701207636
Mujeres,2,0-9,14.941999999999998,181.269,8.242997975384649
Mujeres,2,10-19,18.471,181.269,10.189828376611555
Mujeres,2,20-29,18.535,181.269,10.225135020328903
Mujeres,2,30-39,20.409,181.269,11.258957681677506
Mujeres,2,40-49,27.345,181.269,15.085315194545124
Mujeres,2,50-59,28.933,181.269,15.961361291781825
Mujeres,2,60-69,21.226,181.269,11.70966905538178
Mujeres,2,70-79,16.436,181.269,9.067187439661497
Mujeres,2,80+,14.972000000000001,181.269,8.259547964627156
Hombres,3,0-9,69.72,741.3539999999999,9.40441408557855
Hombres,3,10-19,85.98599999999999,741.3539999999999,11.598507595561633
Hombres,3,20-29,76.92,741.3539999999999,10.375610032454134
Hombres,3,30-39,91.028,741.3539999999999,12.278614535026454
Hombres,3,40-49,125.24000000000001,741.3539999999999,16.893413942596926
Hombres,3,50-59,114.437,741.3539999999999,15.436215357305688
Hombres,3,60-69,85.862,741.3539999999999,11.581781443143223
Hombres,3,70-79,58.67,741.3539999999999,7.913898083776442
Hombres,3,80+,33.491,741.3539999999999,4.51754492455696
Mujeres,3,0-9,65.119,759.3429999999998,8.575702943202216
Mujeres,3,10-19,80.62,759.3429999999998,10.617072916982183
Mujeres,3,20-29,72.37899999999999,759.3429999999998,9.531792615458363
Mujeres,3,30-39,87.68299999999999,759.3429999999998,11.547219109150939
Mujeres,3,40-49,120.97399999999999,759.3429999999998,15.93140385833543
Mujeres,3,50-59,115.805,759.3429999999998,15.250683814824134
Mujeres,3,60-69,92.214,759.3429999999998,12.14391915116094
Mujeres,3,70-79,70.15,759.3429999999998,9.23824938137311
Mujeres,3,80+,54.399,759.3429999999998,7.163956209512699
Hombres,4,0-9,30.945999999999998,285.158,10.852229290428463
Hombres,4,10-19,35.107,285.158,12.31142033539301
Hombres,4,20-29,31.740000000000002,285.158,11.130671417249385
Hombres,4,30-39,38.129999999999995,285.158,13.371534377432859
Hombres,4,40-49,46.989999999999995,285.158,16.478583802663785
Hombres,4,50-59,42.371,285.158,14.858780044747121
Hombres,4,60-69,30.933999999999997,285.158,10.848021097076005
Hombres,4,70-79,18.576999999999998,285.158,6.514633992383169
Hombres,4,80+,10.363,285.158,3.634125642626193
Mujeres,4,0-9,29.156,288.054,10.12171328986926
Mujeres,4,10-19,33.267,288.054,11.54887625236935
Mujeres,4,20-29,29.996000000000002,288.054,10.413325279287914
Mujeres,4,30-39,36.439,288.054,12.650058669555014
Mujeres,4,40-49,45.61,288.054,15.83383671117221
Mujeres,4,50-59,42.563,288.054,14.776048935269085
Mujeres,4,60-69,31.876,288.054,11.065980684177273
Mujeres,4,70-79,22.11,288.054,7.675644150055199
Mujeres,4,80+,17.037000000000003,288.054,5.914516028244705
Hombres,5,0-9,5.33,73.099,7.29148141561444
Hombres,5,10-19,6.659,73.099,9.109563742322056
Hombres,5,20-29,6.537000000000001,73.099,8.942666794347392
Hombres,5,30-39,7.404,73.099,10.128729531183737
Hombres,5,40-49,10.518,73.099,14.388705727848533
Hombres,5,50-59,12.195999999999998,73.099,16.68422276638531
Hombres,5,60-69,10.746,73.099,14.700611499473318
Hombres,5,70-79,7.603,73.099,10.40096307747028
Hombres,5,80+,6.106,73.099,8.35305544535493
Mujeres,5,0-9,4.864,71.911,6.763916507905606
Mujeres,5,10-19,6.1819999999999995,71.911,8.59673763401983
Mujeres,5,20-29,5.905,71.911,8.211539263812211
Mujeres,5,30-39,6.920999999999999,71.911,9.624396823851704
Mujeres,5,40-49,9.95,71.911,13.836547955111179
Mujeres,5,50-59,11.477,71.911,15.960006118674471
Mujeres,5,60-69,9.417,71.911,13.095353979224319
Mujeres,5,70-79,8.082999999999998,71.911,11.24028312775514
Mujeres,5,80+,9.112,71.911,12.671218589645534
Hombres,6,0-9,29.257,321.43500000000006,9.10199573786302
Hombres,6,10-19,34.574,321.43500000000006,10.756140432746898
Hombres,6,20-29,35.894999999999996,321.43500000000006,11.167109991133508
Hombres,6,30-39,41.525000000000006,321.43500000000006,12.918630516278562
Hombres,6,40-49,49.524,321.43500000000006,15.407158523496195
Hombres,6,50-59,51.338,321.43500000000006,15.971502792166376
Hombres,6,60-69,38.16,321.43500000000006,11.871762564748702
Hombres,6,70-79,25.283,321.43500000000006,7.865664908924043
Hombres,6,80+,15.879,321.43500000000006,4.940034532642679
Mujeres,6,0-9,27.569,327.79299999999995,8.410490767038956
Mujeres,6,10-19,32.999,327.79299999999995,10.067024006003791
Mujeres,6,20-29,34.510999999999996,327.79299999999995,10.528290720058084
Mujeres,6,30-39,39.282000000000004,327.79299999999995,11.983782448069363
Mujeres,6,40-49,48.414,327.79299999999995,14.769686967079837
Mujeres,6,50-59,50.837,327.79299999999995,15.508872977763408
Mujeres,6,60-69,37.708,327.79299999999995,11.503601358174215
Mujeres,6,70-79,29.903,327.79299999999995,9.122525496273564
Mujeres,6,80+,26.57,327.79299999999995,8.105725259538795
Hombres,7,0-9,45.252,471.88399999999996,9.589644912732792
Hombres,7,10-19,54.069,471.88399999999996,11.45811258699172
Hombres,7,20-29,51.83,471.88399999999996,10.98363157047071
Hombres,7,30-39,65.386,471.88399999999996,13.856371481126716
Hombres,7,40-49,82.691,471.88399999999996,17.523586305108886
Hombres,7,50-59,70.099,471.88399999999996,14.855133888837088
Hombres,7,60-69,51.113,471.88399999999996,10.831687448610253
Hombres,7,70-79,34.109,471.88399999999996,7.228259487501167
Hombres,7,80+,17.335,471.88399999999996,3.6735723186206783
Mujeres,7,0-9,42.574,473.091,8.999114335297014
Mujeres,7,10-19,49.92400000000001,473.091,10.552726642442998
Mujeres,7,20-29,49.238,473.091,10.407722827109373
Mujeres,7,30-39,62.491,473.091,13.209086623926474
Mujeres,7,40-49,77.69,473.091,16.421787774445086
Mujeres,7,50-59,69.131,473.091,14.612622095960395
Mujeres,7,60-69,53.369,473.091,11.280916356472645
Mujeres,7,70-79,39.203,473.091,8.28656643225088
Mujeres,7,80+,29.471,473.091,6.229456912095136
Hombres,8,0-9,228.13400000000001,2371.7129999999997,9.618954738621412
Hombres,8,10-19,278.735,2371.7129999999997,11.752475953034791
Hombres,8,20-29,233.836,2371.7129999999997,9.85937168620318
Hombres,8,30-39,269.73,2371.7129999999997,11.372792576504832
Hombres,8,40-49,407.616,2371.7129999999997,17.186565153540922
Hombres,8,50-59,358.73900000000003,2371.7129999999997,15.125734015877978
Hombres,8,60-69,273.613,2371.7129999999997,11.536513903663725
Hombres,8,70-79,203.515,2371.7129999999997,8.580928636812295
Hombres,8,80+,117.795,2371.7129999999997,4.9666633357408765
Mujeres,8,0-9,215.01999999999998,2513.981,8.552968379633736
Mujeres,8,10-19,261.229,2513.981,10.39104909702977
Mujeres,8,20-29,221.52100000000002,2513.981,8.811562219443982
Mujeres,8,30-39,268.605,2513.981,10.684448291375311
Mujeres,8,40-49,404.572,2513.981,16.09288216577611
Mujeres,8,50-59,369.905,2513.981,14.713913907861672
Mujeres,8,60-69,310.38800000000003,2513.981,12.346473581144805
Mujeres,8,70-79,254.806,2513.981,10.135557905966671
Mujeres,8,80+,207.935,2513.981,8.271144451767933
Hombres,9,0-9,13.147000000000002,163.67999999999998,8.032135874877813
Hombres,9,10-19,15.459,163.67999999999998,9.444648093841643
Hombres,9,20-29,14.167000000000002,163.67999999999998,8.655303030303033
Hombres,9,30-39,17.289,163.67999999999998,10.56268328445748
Hombres,9,40-49,25.384999999999998,163.67999999999998,15.508919843597264
Hombres,9,50-59,26.897,163.67999999999998,16.432673509286413
Hombres,9,60-69,23.680999999999997,163.67999999999998,14.46786412512219
Hombres,9,70-79,16.673000000000002,163.67999999999998,10.186339198435974
Hombres,9,80+,10.982,163.67999999999998,6.709433040078201
Mujeres,9,0-9,12.141,162.556,7.468810748295971
Mujeres,9,10-19,14.469999999999999,162.556,8.901547774305469
Mujeres,9,20-29,12.859,162.556,7.910504687615344
Mujeres,9,30-39,15.707,162.556,9.662516302074362
Mujeres,9,40-49,23.848,162.556,14.670636580624521
Mujeres,9,50-59,25.705,162.556,15.813012131204013
Mujeres,9,60-69,22.016,162.556,13.54364034548094
Mujeres,9,70-79,17.471,162.556,10.747680799232263
Mujeres,9,80+,18.339,162.556,11.281650631167103
Hombres,10,0-9,14.221,186.486,7.625773516510622
Hombres,10,10-19,18.261,186.486,9.792155979537338
Hombres,10,20-29,19.093,186.486,10.238302070932939
Hombres,10,30-39,22.259,186.486,11.936016644681102
Hombres,10,40-49,27.322000000000003,186.486,14.650965756142554
Hombres,10,50-59,31.48,186.486,16.8806237465547
Hombres,10,60-69,25.479,186.486,13.662687815707345
Hombres,10,70-79,16.14,186.486,8.654805186448314
Hombres,10,80+,12.231,186.486,6.558669283485087
Mujeres,10,0-9,13.495000000000001,187.577,7.194378841755652
Mujeres,10,10-19,17.128,187.577,9.131183460658823
Mujeres,10,20-29,17.524,187.577,9.342296763462473
Mujeres,10,30-39,20.486,187.577,10.921381619281682
Mujeres,10,40-49,26.184,187.577,13.959067476289738
Mujeres,10,50-59,30.335,187.577,16.172025354920912
Mujeres,10,60-69,23.982,187.577,12.785149565245204
Mujeres,10,70-79,18.784,187.577,10.014020908746806
Mujeres,10,80+,19.659,187.577,10.480496009638708
Hombres,11,0-9,58.128,593.0520000000001,9.801501386050463
Hombres,11,10-19,72.924,593.0520000000001,12.296392221929947
Hombres,11,20-29,64.726,593.0520000000001,10.914051381666361
Hombres,11,30-39,76.60499999999999,593.0520000000001,12.917079783897528
Hombres,11,40-49,99.38799999999999,593.0520000000001,16.758732792402682
Hombres,11,50-59,91.805,593.0520000000001,15.480092808050555
Hombres,11,60-69,67.225,593.0520000000001,11.335430957150464
Hombres,11,70-79,42.34,593.0520000000001,7.139340226489413
Hombres,11,80+,19.911,593.0520000000001,3.3573784423625583
Mujeres,11,0-9,54.867999999999995,603.344,9.093982868811159
Mujeres,11,10-19,69.218,603.344,11.47239385823013
Mujeres,11,20-29,60.887,603.344,10.091589540958392
Mujeres,11,30-39,75.654,603.344,12.53911533055769
Mujeres,11,40-49,96.942,603.344,16.067450741202364
Mujeres,11,50-59,92.106,603.344,15.265917950621866
Mujeres,11,60-69,70.32,603.344,11.655042562783418
Mujeres,11,70-79,49.733999999999995,603.344,8.243058686255269
Mujeres,11,80+,33.614999999999995,603.344,5.571448460579701
Hombres,12,0-9,22.527,245.92499999999998,9.160109789569992
Hombres,12,10-19,26.775,245.92499999999998,10.887465690759377
Hombres,12,20-29,23.896,245.92499999999998,9.716783572227305
Hombres,12,30-39,28.398,245.92499999999998,11.547422994815493
Hombres,12,40-49,41.47,245.92499999999998,16.862864694520688
Hombres,12,50-59,38.513999999999996,245.92499999999998,15.66087221713937
Hombres,12,60-69,29.607999999999997,245.92499999999998,12.039442919589305
Hombres,12,70-79,21.858,245.92499999999998,8.888075632814884
Hombres,12,80+,12.878999999999998,245.92499999999998,5.236962488563586
Mujeres,12,0-9,21.004,248.55200000000002,8.45054555988284
Mujeres,12,10-19,25.372,248.55200000000002,10.2079242975313
Mujeres,12,20-29,22.490000000000002,248.55200000000002,9.048408381344748
Mujeres,12,30-39,26.473,248.55200000000002,10.650889954617142
Mujeres,12,40-49,39.196,248.55200000000002,15.769738324374776
Mujeres,12,50-59,37.674,248.55200000000002,15.157391612217966
Mujeres,12,60-69,30.761,248.55200000000002,12.376082268499147
Mujeres,12,70-79,25.253,248.55200000000002,10.160046992178698
Mujeres,12,80+,20.329,248.55200000000002,8.178972609353375
Hombres,13,0-9,20.134,228.12199999999999,8.825979081368741
Hombres,13,10-19,24.658,228.12199999999999,10.809128448812478
Hombres,13,20-29,25.625,228.12199999999999,11.233024434293931
Hombres,13,30-39,28.326,228.12199999999999,12.417040004909655
Hombres,13,40-49,34.418,228.12199999999999,15.087540877249895
Hombres,13,50-59,36.852999999999994,228.12199999999999,16.15495217471353
Hombres,13,60-69,27.308,228.12199999999999,11.9707875610419
Hombres,13,70-79,18.188,228.12199999999999,7.972926767256118
Hombres,13,80+,12.612,228.12199999999999,5.5286206503537585
Mujeres,13,0-9,19.093,232.92999999999998,8.196883183789122
Mujeres,13,10-19,23.000999999999998,232.92999999999998,9.874640449920577
Mujeres,13,20-29,23.790999999999997,232.92999999999998,10.213798136779289
Mujeres,13,30-39,26.087,232.92999999999998,11.199501996307905
Mujeres,13,40-49,33.424,232.92999999999998,14.349375348817242
Mujeres,13,50-59,36.254999999999995,232.92999999999998,15.564761945648906
Mujeres,13,60-69,28.167,232.92999999999998,12.092474133859959
Mujeres,13,70-79,22.268,232.92999999999998,9.559953634139012
Mujeres,13,80+,20.844,232.92999999999998,8.94861117073799
Hombres,14,0-9,34.487,371.384,9.286075867565646
Hombres,14,10-19,41.974000000000004,371.384,11.30204855351873
Hombres,14,20-29,42.744,371.384,11.509381125735088
Hombres,14,30-39,47.168,371.384,12.700600995196346
Hombres,14,40-49,56.595,371.384,15.238944057902332
Hombres,14,50-59,58.652,371.384,15.79281821510889
Hombres,14,60-69,43.714,371.384,11.770566314111539
Hombres,14,70-79,28.065,371.384,7.556868362665058
Hombres,14,80+,17.985,371.384,4.842696508196368
Mujeres,14,0-9,32.697,385.483,8.482086110152718
Mujeres,14,10-19,39.652,385.483,10.286316128078282
Mujeres,14,20-29,39.923,385.483,10.356617542148422
Mujeres,14,30-39,44.946,385.483,11.659658143160657
Mujeres,14,40-49,55.982,385.483,14.522560009131402
Mujeres,14,50-59,59.935,385.483,15.548026761232014
Mujeres,14,60-69,46.021,385.483,11.938529066132618
Mujeres,14,70-79,35.058,385.483,9.094564481442761
Mujeres,14,80+,31.269000000000002,385.483,8.111641758521127
Hombres,15,0-9,41.432,517.277,8.009635069798193
Hombres,15,10-19,47.147,517.277,9.114458984257949
Hombres,15,20-29,43.965,517.277,8.499314680529
Hombres,15,30-39,60.974999999999994,517.277,11.787688221204498
Hombres,15,40-49,88.8,517.277,17.166817778482322
Hombres,15,50-59,80.381,517.277,15.539256529866977
Hombres,15,60-69,68.05199999999999,517.277,13.155814002942329
Hombres,15,70-79,53.388000000000005,517.277,10.320969229252412
Hombres,15,80+,33.137,517.277,6.406045503666313
Mujeres,15,0-9,38.801,559.404,6.936132026227915
Mujeres,15,10-19,44.549,559.404,7.963654174800324
Mujeres,15,20-29,41.922,559.404,7.494047235986871
Mujeres,15,30-39,60.319,559.404,10.78272590113764
Mujeres,15,40-49,89.871,559.404,16.065491129845334
Mujeres,15,50-59,85.18,559.404,15.22692007922718
Mujeres,15,60-69,74.884,559.404,13.386389800573467
Mujeres,15,70-79,65.586,559.404,11.724263680631529
Mujeres,15,80+,58.291999999999994,559.404,10.420375971569742
Hombres,16,0-9,6.311999999999999,86.333,7.311225139865404
Hombres,16,10-19,8.296,86.333,9.609303510824367
Hombres,16,20-29,8.769,86.333,10.157182074062062
Hombres,16,30-39,9.541,86.333,11.051394020826336
Hombres,16,40-49,12.243000000000002,86.333,14.181135834501294
Hombres,16,50-59,14.821,86.333,17.16724774999131
Hombres,16,60-69,11.335999999999999,86.333,13.130552627616321
Hombres,16,70-79,8.009,86.333,9.276869794864073
Hombres,16,80+,7.006,86.333,8.115089247448832
Mujeres,16,0-9,6.029,85.646,7.039441421665928
Mujeres,16,10-19,8.013,85.646,9.355953576349158
Mujeres,16,20-29,8.161,85.646,9.528757910468673
Mujeres,16,30-39,8.449,85.646,9.865025803890433
Mujeres,16,40-49,11.358,85.646,13.261565046820634
Mujeres,16,50-59,13.734,85.646,16.03577516755015
Mujeres,16,60-69,10.611,85.646,12.389370198257946
Mujeres,16,70-79,9.151,85.646,10.68467879410597
Mujeres,16,80+,10.14,85.646,11.839432080891111
Hombres,17,0-9,30.348000000000003,307.68899999999996,9.863206029464818
Hombres,17,10-19,35.608,307.68899999999996,11.572724406787373
Hombres,17,20-29,30.288,307.68899999999996,9.843705819837565
Hombres,17,30-39,33.897999999999996,307.68899999999996,11.016968432410648
Hombres,17,40-49,50.998999999999995,307.68899999999996,16.57485317967168
Hombres,17,50-59,47.581,307.68899999999996,15.46399123790581
Hombres,17,60-69,38.065,307.68899999999996,12.371257991023404
Hombres,17,70-79,25.974000000000004,307.68899999999996,8.44164074763804
Hombres,17,80+,14.928,307.68899999999996,4.85165215526067
Mujeres,17,0-9,28.442,311.528,9.129837446393262
Mujeres,17,10-19,33.263999999999996,311.528,10.67769189286356
Mujeres,17,20-29,27.992,311.528,8.985388151305822
Mujeres,17,30-39,33.308,311.528,10.691815823938779
Mujeres,17,40-49,48.907000000000004,311.528,15.699070388536503
Mujeres,17,50-59,46.391,311.528,14.891438329780948
Mujeres,17,60-69,39.016000000000005,311.528,12.524074882514574
Mujeres,17,70-79,29.146,311.528,9.355820343596722
Mujeres,17,80+,25.061999999999998,311.528,8.044862741069823
Hombres,18,0-9,40.961,422.471,9.695576737811589
Hombres,18,10-19,50.756,422.471,12.014079072883108
Hombres,18,20-29,48.254000000000005,422.471,11.42184907366423
Hombres,18,30-39,53.43299999999999,422.471,12.64773203367805
Hombres,18,40-49,66.327,422.471,15.699775842602214
Hombres,18,50-59,65.108,422.471,15.411235327395254
Hombres,18,60-69,47.906,422.471,11.339476555787261
Hombres,18,70-79,30.895,422.471,7.312927987956569
Hombres,18,80+,18.831,422.471,4.457347368221724
Mujeres,18,0-9,38.274,433.21700000000004,8.83483335141511
Mujeres,18,10-19,47.295,433.21700000000004,10.91716160723148
Mujeres,18,20-29,45.422,433.21700000000004,10.484814769503503
Mujeres,18,30-39,51.893,433.21700000000004,11.978523465145642
Mujeres,18,40-49,64.82499999999999,433.21700000000004,14.963632544429231
Mujeres,18,50-59,66.406,433.21700000000004,15.32857667173726
Mujeres,18,60-69,50.733999999999995,433.21700000000004,11.710990104266452
Mujeres,18,70-79,37.602000000000004,433.21700000000004,8.679714784969196
Mujeres,18,80+,30.766,433.21700000000004,7.101752701302118
Hombres,19,0-9,11.076,113.798,9.733035729977681
Hombres,19,10-19,13.609,113.798,11.958909646918222
Hombres,19,20-29,10.713999999999999,113.798,9.414928206119615
Hombres,19,30-39,13.569,113.798,11.923759644281974
Hombres,19,40-49,20.426000000000002,113.798,17.949348846201165
Hombres,19,50-59,18.319,113.798,16.097822457336683
Hombres,19,60-69,12.659,113.798,11.124097084307282
Hombres,19,70-79,7.874,113.798,6.919278018945851
Hombres,19,80+,5.552,113.798,4.878820365911527
Mujeres,19,0-9,10.742999999999999,110.292,9.740507017734739
Mujeres,19,10-19,12.671999999999999,110.292,11.489500598411489
Mujeres,19,20-29,10.023,110.292,9.087694483734088
Mujeres,19,30-39,12.738,110.292,11.549341747361549
Mujeres,19,40-49,19.103,110.292,17.320385884742322
Mujeres,19,50-59,16.711,110.292,15.151597577340151
Mujeres,19,60-69,11.833000000000002,110.292,10.72879265948573
Mujeres,19,70-79,8.018,110.292,7.2697929133572705
Mujeres,19,80+,8.451,110.292,7.662387117832663
Hombres,20,0-9,29.019,325.564,8.913454804585271
Hombres,20,10-19,35.152,325.564,10.79726259660159
Hombres,20,20-29,29.566000000000003,325.564,9.08147092430367
Hombres,20,30-39,33.172,325.564,10.189087245518545
Hombres,20,40-49,53.839,325.564,16.53714784189898
Hombres,20,50-59,51.795,325.564,15.909314297649615
Hombres,20,60-69,42.846000000000004,325.564,13.160546006315194
Hombres,20,70-79,32.241,325.564,9.903121966802225
Hombres,20,80+,17.934,325.564,5.508594316324901
Mujeres,20,0-9,27.704,341.55899999999997,8.111043772818167
Mujeres,20,10-19,33.376000000000005,341.55899999999997,9.771664631879121
Mujeres,20,20-29,27.578000000000003,341.55899999999997,8.074154099291778
Mujeres,20,30-39,32.403,341.55899999999997,9.486794375203113
Mujeres,20,40-49,51.79299999999999,341.55899999999997,15.16370524565302
Mujeres,20,50-59,52.096000000000004,341.55899999999997,15.252416127228388
Mujeres,20,60-69,45.768,341.55899999999997,13.399734745680835
Mujeres,20,70-79,38.274,341.55899999999997,11.205677496420826
Mujeres,20,80+,32.56700000000001,341.55899999999997,9.534809505824764
Hombres,21,0-9,23.244,236.714,9.819444561791867
Hombres,21,10-19,28.428,236.714,12.009429100095474
Hombres,21,20-29,25.804000000000002,236.714,10.900918407867723
Hombres,21,30-39,30.284,236.714,12.793497638500467
Hombres,21,40-49,39.73,236.714,16.783967150231923
Hombres,21,50-59,36.084999999999994,236.714,15.2441342717372
Hombres,21,60-69,26.41,236.714,11.15692354486849
Hombres,21,70-79,17.781999999999996,236.714,7.512018723015959
Hombres,21,80+,8.947,236.714,3.779666601890889
Mujeres,21,0-9,22.098999999999997,240.565,9.18629060752811
Mujeres,21,10-19,26.836000000000002,240.565,11.155404984099933
Mujeres,21,20-29,24.35,240.565,10.122004447862325
Mujeres,21,30-39,29.750999999999998,240.565,12.36713570136969
Mujeres,21,40-49,38.182,240.565,15.871801799929333
Mujeres,21,50-59,35.854,240.565,14.904079978384221
Mujeres,21,60-69,27.173000000000002,240.565,11.295491862906076
Mujeres,21,70-79,20.683999999999997,240.565,8.598091991769376
Mujeres,21,80+,15.636,240.565,6.499698626150936
Hombres,22,0-9,7.927999999999999,97.006,8.172690349050574
Hombres,22,10-19,9.606,97.006,9.902480258953055
Hombres,22,20-29,8.821000000000002,97.006,9.093251963796055
Hombres,22,30-39,10.572,97.006,10.898294950827783
Hombres,22,40-49,14.956,97.006,15.417603034863822
Hombres,22,50-59,15.607,97.006,16.08869554460549
Hombres,22,60-69,13.135000000000002,97.006,13.540399562913635
Hombres,22,70-79,9.265,97.006,9.550955610993135
Hombres,22,80+,7.1160000000000005,97.006,7.335628723996454
Mujeres,22,0-9,7.683999999999999,96.13100000000001,7.993259198385534
Mujeres,22,10-19,9.004,96.13100000000001,9.366385453183675
Mujeres,22,20-29,7.997000000000001,96.13100000000001,8.31885656031873
Mujeres,22,30-39,9.328,96.13100000000001,9.703425533906854
Mujeres,22,40-49,13.702000000000002,96.13100000000001,14.253466623669784
Mujeres,22,50-59,14.652000000000001,96.13100000000001,15.241701428259352
Mujeres,22,60-69,12.715,96.13100000000001,13.226742674059356
Mujeres,22,70-79,10.068999999999999,96.13100000000001,10.474248681486719
Mujeres,22,80+,10.98,96.13100000000001,11.421913846729982
Hombres,23,0-9,26.704,303.44800000000004,8.80018981835438
Hombres,23,10-19,33.693,303.44800000000004,11.103385093986446
Hombres,23,20-29,37.307,303.44800000000004,12.294363449421317
Hombres,23,30-39,38.269000000000005,303.44800000000004,12.611386464896787
Hombres,23,40-49,45.196,303.44800000000004,14.894149903772638
Hombres,23,50-59,48.94,303.44800000000004,16.127969207244732
Hombres,23,60-69,35.873,303.44800000000004,11.821794837995304
Hombres,23,70-79,21.817999999999998,303.44800000000004,7.190029263662965
Hombres,23,80+,15.648,303.44800000000004,5.156731960665418
Mujeres,23,0-9,25.244,308.19599999999997,8.190891510597154
Mujeres,23,10-19,31.646,308.19599999999997,10.268141053096084
Mujeres,23,20-29,34.395,308.19599999999997,11.160105906630848
Mujeres,23,30-39,35.684,308.19599999999997,11.578346247193345
Mujeres,23,40-49,42.927,308.19599999999997,13.92847408791808
Mujeres,23,50-59,48.89,308.19599999999997,15.86328180768083
Mujeres,23,60-69,36.477000000000004,308.19599999999997,11.835650040883076
Mujeres,23,70-79,27.507,308.19599999999997,8.925164505704164
Mujeres,23,80+,25.426,308.19599999999997,8.249944840296434
Hombres,24,0-9,14.317,210.43500000000003,6.8035260294152575
Hombres,24,10-19,17.386000000000003,210.43500000000003,8.261933613704944
Hombres,24,20-29,17.72,210.43500000000003,8.420652458003659
Hombres,24,30-39,23.22,210.43500000000003,11.034286121605245
Hombres,24,40-49,31.607999999999997,210.43500000000003,15.02031506165799
Hombres,24,50-59,35.318,210.43500000000003,16.783329769287427
Hombres,24,60-69,31.639,210.43500000000003,15.035046451398292
Hombres,24,70-79,21.875,210.43500000000003,10.395133889324493
Hombres,24,80+,17.352,210.43500000000003,8.24577660560268
Mujeres,24,0-9,13.36,222.00699999999998,6.017828266676276
Mujeres,24,10-19,16.649,222.00699999999998,7.499313084722554
Mujeres,24,20-29,16.186999999999998,222.00699999999998,7.291211538374916
Mujeres,24,30-39,21.907,222.00699999999998,9.867706874107576
Mujeres,24,40-49,31.198999999999998,222.00699999999998,14.053160485930624
Mujeres,24,50-59,35.754,222.00699999999998,16.10489759331913
Mujeres,24,60-69,31.488999999999997,222.00699999999998,14.183786997707278
Mujeres,24,70-79,25.695,222.00699999999998,11.573959379659202
Mujeres,24,80+,29.767,222.00699999999998,13.40813577950245
Hombres,25,0-9,15.978000000000002,177.35199999999998,9.009202038883126
Hombres,25,10-19,19.326999999999998,177.35199999999998,10.897537101357752
Hombres,25,20-29,16.816000000000003,177.35199999999998,9.481708692318104
Hombres,25,30-39,18.997999999999998,177.35199999999998,10.712030312598673
Hombres,25,40-49,28.110999999999997,177.35199999999998,15.850399206098606
Hombres,25,50-59,28.376999999999995,177.35199999999998,16.000383418286795
Hombres,25,60-69,23.052,177.35199999999998,12.997879922414182
Hombres,25,70-79,15.878,177.35199999999998,8.952816996707115
Hombres,25,80+,10.814999999999998,177.35199999999998,6.098042311335648
Mujeres,25,0-9,15.297999999999998,178.564,8.567236397034115
Mujeres,25,10-19,18.019,178.564,10.091059788087184
Mujeres,25,20-29,15.711000000000002,178.564,8.798526018682379
Mujeres,25,30-39,17.854999999999997,178.564,9.999215967384242
Mujeres,25,40-49,26.366,178.564,14.765574247888713
Mujeres,25,50-59,26.881,178.564,15.053986245827828
Mujeres,25,60-69,22.743000000000002,178.564,12.736609842969468
Mujeres,25,70-79,18.308,178.564,10.25290652091127
Mujeres,25,80+,17.383,178.564,9.734884971214802
Hombres,26,0-9,11.789,136.823,8.616241421398449
Hombres,26,10-19,14.338,136.823,10.479232292816265
Hombres,26,20-29,12.142,136.823,8.874238980288402
Hombres,26,30-39,15.048,136.823,10.998150895682743
Hombres,26,40-49,22.672,136.823,16.570313470688408
Hombres,26,50-59,21.610999999999997,136.823,15.79485905147526
Hombres,26,60-69,18.009,136.823,13.162260731017444
Hombres,26,70-79,13.057,136.823,9.542986193841678
Hombres,26,80+,8.157,136.823,5.9617169627913436
Mujeres,26,0-9,11.148,140.299,7.9458869984818135
Mujeres,26,10-19,13.635,140.299,9.71852971154463
Mujeres,26,20-29,11.66,140.299,8.310821887540182
Mujeres,26,30-39,14.407999999999998,140.299,10.26949586240814
Mujeres,26,40-49,21.741999999999997,140.299,15.496903042787189
Mujeres,26,50-59,21.448,140.299,15.287350586960704
Mujeres,26,60-69,18.093,140.299,12.896029194791126
Mujeres,26,70-79,14.489,140.299,10.327229702278705
Mujeres,26,80+,13.675999999999998,140.299,9.747753013207506
Hombres,27,0-9,9.955,149.882,6.641891621408841
Hombres,27,10-19,10.958,149.882,7.311084719979717
Hombres,27,20-29,11.882,149.882,7.927569688154682
Hombres,27,30-39,16.901,149.882,11.276203947105055
Hombres,27,40-49,22.567,149.882,15.056511122082705
Hombres,27,50-59,23.944000000000003,149.882,15.975233850629165
Hombres,27,60-69,22.226,149.882,14.828998812399085
Hombres,27,70-79,17.189999999999998,149.882,11.46902229754073
Hombres,27,80+,14.259,149.882,9.513483940700016
Mujeres,27,0-9,9.6,159.53099999999998,6.017639204919421
Mujeres,27,10-19,10.495,159.53099999999998,6.57865869329472
Mujeres,27,20-29,11.277999999999999,159.53099999999998,7.06947239094596
Mujeres,27,30-39,16.34,159.53099999999998,10.242523396706597
Mujeres,27,40-49,22.607,159.53099999999998,14.170913490168058
Mujeres,27,50-59,24.567999999999998,159.53099999999998,15.400141665256283
Mujeres,27,60-69,21.963,159.53099999999998,13.767230193504712
Mujeres,27,70-79,19.855,159.53099999999998,12.445856918091156
Mujeres,27,80+,22.824999999999996,159.53099999999998,14.3075640471131
Hombres,28,0-9,287.524,2826.3309999999997,10.173047672052567
Hombres,28,10-19,330.89,2826.3309999999997,11.707404405216517
Hombres,28,20-29,288.81100000000004,2826.3309999999997,10.218583739837976
Hombres,28,30-39,352.76300000000003,2826.3309999999997,12.48130526820815
Hombres,28,40-49,485.88800000000003,2826.3309999999997,17.19147544997384
Hombres,28,50-59,424.539,2826.3309999999997,15.020852122415954
Hombres,28,60-69,306.524,2826.3309999999997,10.845297313018186
Hombres,28,70-79,223.06799999999998,2826.3309999999997,7.892493837416778
Hombres,28,80+,126.32400000000001,2826.3309999999997,4.469540191860048
Mujeres,28,0-9,271.86699999999996,3051.5610000000006,8.909112418201698
Mujeres,28,10-19,312.96000000000004,3051.5610000000006,10.25573468791874
Mujeres,28,20-29,278.855,3051.5610000000006,9.138109970601931
Mujeres,28,30-39,354.395,3051.5610000000006,11.61356433641667
Mujeres,28,40-49,500.341,3051.5610000000006,16.396231305879187
Mujeres,28,50-59,455.916,3051.5610000000006,14.940419018331927
Mujeres,28,60-69,360.052,3051.5610000000006,11.798944867888924
Mujeres,28,70-79,286.732,3051.5610000000006,9.396240153809805
Mujeres,28,80+,230.443,3051.5610000000006,7.551643240951106
Hombres,29,0-9,71.57,695.4370000000001,10.291370749614988
Hombres,29,10-19,85.307,695.4370000000001,12.266675486061281
Hombres,29,20-29,73.96600000000001,695.4370000000001,10.635902317535592
Hombres,29,30-39,90.762,695.4370000000001,13.051074360438111
Hombres,29,40-49,117.923,695.4370000000001,16.956676161895324
Hombres,29,50-59,105.257,695.4370000000001,15.135375310775812
Hombres,29,60-69,75.267,695.4370000000001,10.82297893267111
Hombres,29,70-79,50.599000000000004,695.4370000000001,7.275856763445142
Hombres,29,80+,24.786,695.4370000000001,3.5640899175626255
Mujeres,29,0-9,67.686,720.0,9.400833333333335
Mujeres,29,10-19,80.645,720.0,11.200694444444444
Mujeres,29,20-29,71.119,720.0,9.877638888888889
Mujeres,29,30-39,90.273,720.0,12.537916666666666
Mujeres,29,40-49,117.138,720.0,16.269166666666667
Mujeres,29,50-59,109.015,720.0,15.14097222222222
Mujeres,29,60-69,81.81200000000001,720.0,11.36277777777778
Mujeres,29,70-79,60.235,720.0,8.365972222222222
Mujeres,29,80+,42.077,720.0,5.844027777777778
Hombres,30,0-9,69.238,639.438,10.827945789896754
Hombres,30,10-19,81.619,639.438,12.76417729318558
Hombres,30,20-29,71.208,639.438,11.136028825312227
Hombres,30,30-39,81.326,639.438,12.71835580619231
Hombres,30,40-49,106.89599999999999,639.438,16.717179773488596
Hombres,30,50-59,94.726,639.438,14.813945996328027
Hombres,30,60-69,65.533,639.438,10.24853074105699
Hombres,30,70-79,42.787000000000006,639.438,6.691344586965429
Hombres,30,80+,26.105,639.438,4.082491187574089
Mujeres,30,0-9,65.059,652.4440000000001,9.971583768108832
Mujeres,30,10-19,76.928,652.4440000000001,11.790743726664662
Mujeres,30,20-29,67.445,652.4440000000001,10.33728565210194
Mujeres,30,30-39,78.86099999999999,652.4440000000001,12.087014364451198
Mujeres,30,40-49,103.378,652.4440000000001,15.844731501860695
Mujeres,30,50-59,95.84,652.4440000000001,14.68938330339462
Mujeres,30,60-69,70.423,652.4440000000001,10.793723292727037
Mujeres,30,70-79,52.238,652.4440000000001,8.00651090361778
Mujeres,30,80+,42.272,652.4440000000001,6.47902348707322
Hombres,31,0-9,28.176,291.833,9.654836841618321
Hombres,31,10-19,33.301,291.833,11.410978196434261
Hombres,31,20-29,28.755,291.833,9.853237981996552
Hombres,31,30-39,31.73,291.833,10.87265662210922
Hombres,31,40-49,47.778999999999996,291.833,16.372034691073317
Hombres,31,50-59,45.61,291.833,15.628801403542436
Hombres,31,60-69,35.5,291.833,12.164491335798212
Hombres,31,70-79,25.874000000000002,291.833,8.866029544294168
Hombres,31,80+,15.108,291.833,5.1769333831335045
Mujeres,31,0-9,26.658,298.174,8.94041734021075
Mujeres,31,10-19,31.596000000000004,298.174,10.596497347186544
Mujeres,31,20-29,27.196999999999996,298.174,9.121184274953551
Mujeres,31,30-39,30.953999999999997,298.174,10.381186823800869
Mujeres,31,40-49,46.239999999999995,298.174,15.507723678120827
Mujeres,31,50-59,44.58800000000001,298.174,14.953684761246794
Mujeres,31,60-69,36.108999999999995,298.174,12.110043129179605
Mujeres,31,70-79,29.2,298.174,9.792939692930974
Mujeres,31,80+,25.631999999999998,298.174,8.596322952370093
Hombres,32,0-9,8.917,139.216,6.405154579933341
Hombres,32,10-19,10.686,139.216,7.675841857257786
Hombres,32,20-29,11.357000000000001,139.216,8.157826686587748
Hombres,32,30-39,14.847999999999999,139.216,10.665440753936329
Hombres,32,40-49,20.525999999999996,139.216,14.743994943109984
Hombres,32,50-59,21.239,139.216,15.256148718538098
Hombres,32,60-69,19.905,139.216,14.297925525801633
Hombres,32,70-79,17.847,139.216,12.8196471669923
Hombres,32,80+,13.891,139.216,9.978019767842776
Mujeres,32,0-9,8.269,149.814,5.5195108601332326
Mujeres,32,10-19,10.076,149.814,6.72567316806173
Mujeres,32,20-29,10.634,149.814,7.0981350207590745
Mujeres,32,30-39,14.299,149.814,9.544501848959376
Mujeres,32,40-49,20.478,149.814,13.668949497376747
Mujeres,32,50-59,21.926000000000002,149.814,14.635481330182762
Mujeres,32,60-69,20.9,149.814,13.950632117158609
Mujeres,32,70-79,20.845999999999997,149.814,13.914587421736286
Mujeres,32,80+,22.386,149.814,14.942528735632186
Hombres,33,0-9,32.283,463.058,6.971696850070617
Hombres,33,10-19,39.804,463.058,8.595899433764236
Hombres,33,20-29,36.480999999999995,463.058,7.878278746938827
Hombres,33,30-39,50.591,463.058,10.925413231171905
Hombres,33,40-49,78.694,463.058,16.99441538640948
Hombres,33,50-59,76.87,463.058,16.60051224684597
Hombres,33,60-69,70.0,463.058,15.116896803424194
Hombres,33,70-79,48.5,463.058,10.473849928086763
Hombres,33,80+,29.834999999999997,463.058,6.443037373288011
Mujeres,33,0-9,30.365,505.01599999999996,6.012680786351324
Mujeres,33,10-19,37.711,505.01599999999996,7.467288165127442
Mujeres,33,20-29,34.381,505.01599999999996,6.807903115940881
Mujeres,33,30-39,49.586,505.01599999999996,9.81869881350294
Mujeres,33,40-49,78.68199999999999,505.01599999999996,15.580100432461544
Mujeres,33,50-59,79.74100000000001,505.01599999999996,15.789796758914573
Mujeres,33,60-69,77.804,505.01599999999996,15.406244554627973
Mujeres,33,70-79,60.782,505.01599999999996,12.035658276173429
Mujeres,33,80+,55.964,505.01599999999996,11.081629096899901
Hombres,34,0-9,5.439,1054.182,0.5159450645144766
Hombres,34,10-19,6.1579999999999995,1054.182,0.5841496060452559
Hombres,34,20-29,6.5440000000000005,1054.182,0.6207656742384142
Hombres,34,30-39,8.385,1054.182,0.7954034502581148
Hombres,34,40-49,10.985,1054.182,1.0420401790203209
Hombres,34,50-59,12.815000000000001,1054.182,1.215634491956797
Hombres,34,60-69,12.047,1054.182,1.142781796691653
Hombres,34,70-79,7.765000000000001,1054.182,0.736590076476358
Hombres,34,80+,984.044,1054.182,93.3466896607986
Mujeres,34,0-9,5.036,76.409,6.590846628015024
Mujeres,34,10-19,5.952,76.409,7.789658286327526
Mujeres,34,20-29,6.103,76.409,7.9872789854598265
Mujeres,34,30-39,7.713000000000001,76.409,10.094360611969796
Mujeres,34,40-49,10.493,76.409,13.732675470167127
Mujeres,34,50-59,12.302,76.409,16.10019762069913
Mujeres,34,60-69,11.373000000000001,76.409,14.884372259812325
Mujeres,34,70-79,8.335999999999999,76.409,10.909709589184517
Mujeres,34,80+,9.101,76.409,11.91090054836472
Hombres,35,0-9,39.599999999999994,487.986,8.114986905362038
Hombres,35,10-19,55.918000000000006,487.986,11.458935297324105
Hombres,35,20-29,54.403000000000006,487.986,11.148475571020482
Hombres,35,30-39,65.425,487.986,13.407146926346247
Hombres,35,40-49,88.00399999999999,487.986,18.03412392978487
Hombres,35,50-59,83.418,487.986,17.094342870492188
Hombres,35,60-69,53.436,487.986,10.950314148356716
Hombres,35,70-79,32.06,487.986,6.569860610755226
Hombres,35,80+,15.722,487.986,3.2218137405581304
Mujeres,35,0-9,37.426,493.0729999999999,7.590356803150853
Mujeres,35,10-19,53.230000000000004,493.0729999999999,10.795561711957461
Mujeres,35,20-29,53.57299999999999,493.0729999999999,10.865125447955982
Mujeres,35,30-39,64.563,493.0729999999999,13.094004336071944
Mujeres,35,40-49,85.412,493.0729999999999,17.32238431226208
Mujeres,35,50-59,81.577,493.0729999999999,16.54460901326984
Mujeres,35,60-69,54.842,493.0729999999999,11.122490990177926
Mujeres,35,70-79,37.010999999999996,493.0729999999999,7.506190766884417
Mujeres,35,80+,25.439,493.0729999999999,5.159276618269507
Hombres,36,0-9,36.191,437.65400000000005,8.269317771572977
Hombres,36,10-19,44.219,437.65400000000005,10.103643517481846
Hombres,36,20-29,40.866,437.65400000000005,9.337513195355234
Hombres,36,30-39,52.719,437.65400000000005,12.045817015267769
Hombres,36,40-49,77.09,437.65400000000005,17.614371169919615
Hombres,36,50-59,66.731,437.65400000000005,15.247432903617925
Hombres,36,60-69,54.019,437.65400000000005,12.342855314929144
Hombres,36,70-79,41.673,437.65400000000005,9.521905432145026
Hombres,36,80+,24.146,437.65400000000005,5.517143679710456
Mujeres,36,0-9,33.354,465.701,7.162106158243164
Mujeres,36,10-19,40.769999999999996,465.701,8.754544224727882
Mujeres,36,20-29,38.211,465.701,8.20505002136564
Mujeres,36,30-39,51.69800000000001,465.701,11.101114234240425
Mujeres,36,40-49,77.511,465.701,16.643941069484498
Mujeres,36,50-59,69.491,465.701,14.921806051522326
Mujeres,36,60-69,60.297999999999995,465.701,12.947792682429283
Mujeres,36,70-79,50.566,465.701,10.858039815246263
Mujeres,36,80+,43.802,465.701,9.405605742740514
Hombres,37,0-9,11.16,152.716,7.307682233688677
Hombres,37,10-19,14.102,152.716,9.234133947981874
Hombres,37,20-29,13.844,152.716,9.065192907095524
Hombres,37,30-39,16.456,152.716,10.775557243510828
Hombres,37,40-49,21.961,152.716,14.380287592655646
Hombres,37,50-59,25.262,152.716,16.54181618167055
Hombres,37,60-69,21.253999999999998,152.716,13.917336755808165
Hombres,37,70-79,15.960999999999999,152.716,10.451426176693992
Hombres,37,80+,12.716000000000001,152.716,8.326566960894732
Mujeres,37,0-9,10.563,160.57,6.5784393099582745
Mujeres,37,10-19,13.179,160.57,8.207635299246435
Mujeres,37,20-29,13.119,160.57,8.170268418758173
Mujeres,37,30-39,15.687,160.57,9.769570903655726
Mujeres,37,40-49,22.119999999999997,160.57,13.77592327333873
Mujeres,37,50-59,25.607,160.57,15.947561811048141
Mujeres,37,60-69,21.519,160.57,13.401631687114653
Mujeres,37,70-79,18.624000000000002,160.57,11.598679703556083
Mujeres,37,80+,20.152,160.57,12.550289593323786
Hombres,38,0-9,36.211,441.42600000000004,8.203186944131065
Hombres,38,10-19,47.976,441.42600000000004,10.86841282570578
Hombres,38,20-29,49.18,441.42600000000004,11.141165223616188
Hombres,38,30-39,58.577,441.42600000000004,13.269947850828903
Hombres,38,40-49,79.26,441.42600000000004,17.955444400646993
Hombres,38,50-59,72.503,441.42600000000004,16.424723509716234
Hombres,38,60-69,49.189,441.42600000000004,11.143204070444423
Hombres,38,70-79,31.830999999999996,441.42600000000004,7.210948154390542
Hombres,38,80+,16.699,441.42600000000004,3.7829670205198602
Mujeres,38,0-9,34.556,454.69999999999993,7.599736089729491
Mujeres,38,10-19,44.801,454.69999999999993,9.852870024191777
Mujeres,38,20-29,47.195,454.69999999999993,10.379371013855291
Mujeres,38,30-39,58.594,454.69999999999993,12.886298658456127
Mujeres,38,40-49,77.482,454.69999999999993,17.040246316252478
Mujeres,38,50-59,73.662,454.69999999999993,16.20013195513526
Mujeres,38,60-69,52.357,454.69999999999993,11.514625027490656
Mujeres,38,70-79,37.652,454.69999999999993,8.280624587640203
Mujeres,38,80+,28.401,454.69999999999993,6.246096327248736
Hombres,39,0-9,21.863,266.20500000000004,8.212843485283896
Hombres,39,10-19,27.242,266.20500000000004,10.233466689205686
Hombres,39,20-29,22.825,266.20500000000004,8.574219116846038
Hombres,39,30-39,30.583,266.20500000000004,11.488514490712042
Hombres,39,40-49,45.463,266.20500000000004,17.07819161924081
Hombres,39,50-59,42.81700000000001,266.20500000000004,16.084220807272594
Hombres,39,60-69,36.857,266.20500000000004,13.845344753103808
Hombres,39,70-79,24.176000000000002,266.20500000000004,9.081722732480605
Hombres,39,80+,14.378999999999998,266.20500000000004,5.401476305854509
Mujeres,39,0-9,20.518,279.766,7.333986259945811
Mujeres,39,10-19,25.41,279.766,9.082590450590851
Mujeres,39,20-29,21.251,279.766,7.595990935281629
Mujeres,39,30-39,29.745,279.766,10.632099683306762
Mujeres,39,40-49,44.872,279.766,16.039118406096524
Mujeres,39,50-59,43.364999999999995,279.766,15.500453950801738
Mujeres,39,60-69,39.367000000000004,279.766,14.071402529256593
Mujeres,39,70-79,28.923,279.766,10.338282707691427
Mujeres,39,80+,26.314999999999998,279.766,9.406075077028659
Hombres,40,0-9,5.216000000000001,1003.74,0.5196564847470462
Hombres,40,10-19,6.7010000000000005,1003.74,0.6676031641660191
Hombres,40,20-29,6.553,1003.74,0.6528583099208958
Hombres,40,30-39,7.103,1003.74,0.7076533763723674
Hombres,40,40-49,10.05,1003.74,1.0012553051587065
Hombres,40,50-59,11.591999999999999,1003.74,1.1548807460099226
Hombres,40,60-69,9.418000000000001,1003.74,0.9382907924362884
Hombres,40,70-79,6.244,1003.74,0.6220734453145237
Hombres,40,80+,940.863,1003.74,93.73572837587425
Mujeres,40,0-9,4.959,66.474,7.460059572163552
Mujeres,40,10-19,6.338,66.474,9.534554863555675
Mujeres,40,20-29,5.762,66.474,8.66805066642597
Mujeres,40,30-39,6.1850000000000005,66.474,9.3043896861931
Mujeres,40,40-49,9.373000000000001,66.474,14.1002497216957
Mujeres,40,50-59,10.809000000000001,66.474,16.26049282426212
Mujeres,40,60-69,8.384,66.474,12.612449980443483
Mujeres,40,70-79,6.768000000000001,66.474,10.181424316274033
Mujeres,40,80+,7.896000000000001,66.474,11.878328368986372
Hombres,41,0-9,96.179,920.371,10.450025044248461
Hombres,41,10-19,114.602,920.371,12.451717839871096
Hombres,41,20-29,101.136,920.371,10.9886122009494
Hombres,41,30-39,118.60399999999998,920.371,12.886542492103725
Hombres,41,40-49,157.98899999999998,920.371,17.16579509784641
Hombres,41,50-59,139.364,920.371,15.142154631121581
Hombres,41,60-69,96.55799999999999,920.371,10.491204090524365
Hombres,41,70-79,64.636,920.371,7.0228201453544274
Hombres,41,80+,31.302999999999997,920.371,3.4011284579805316
Mujeres,41,0-9,90.822,958.013,9.480247136521113
Mujeres,41,10-19,109.345,958.013,11.413728206193444
Mujeres,41,20-29,95.87700000000001,958.013,10.007901771687859
Mujeres,41,30-39,117.393,958.013,12.253800313774448
Mujeres,41,40-49,157.29000000000002,958.013,16.418357579698817
Mujeres,41,50-59,143.255,958.013,14.95334614457215
Mujeres,41,60-69,105.79599999999999,958.013,11.043273943046701
Mujeres,41,70-79,80.822,958.013,8.436419965073542
Mujeres,41,80+,57.413,958.013,5.992924939431927
Hombres,42,0-9,2.9699999999999998,850.409,0.34924371684683486
Hombres,42,10-19,3.6529999999999996,850.409,0.42955801267390153
Hombres,42,20-29,3.479,850.409,0.4090972696667133
Hombres,42,30-39,4.106,850.409,0.48282649877882283
Hombres,42,40-49,5.649000000000001,850.409,0.6642686048713032
Hombres,42,50-59,6.939,850.409,0.8159603202694232
Hombres,42,60-69,5.727,850.409,0.6734406620814221
Hombres,42,70-79,4.181,850.409,0.4916457845577834
Hombres,42,80+,813.705,850.409,95.68395913025381
Mujeres,42,0-9,2.8,39.39,7.108403148007107
Mujeres,42,10-19,3.4429999999999996,39.39,8.74079715663874
Mujeres,42,20-29,3.2319999999999998,39.39,8.205128205128204
Mujeres,42,30-39,3.739,39.39,9.492256917999493
Mujeres,42,40-49,5.224,39.39,13.262249301853263
Mujeres,42,50-59,6.261,39.39,15.894897182025893
Mujeres,42,60-69,5.082,39.39,12.9017517136329
Mujeres,42,70-79,4.167,39.39,10.578827113480578
Mujeres,42,80+,5.442,39.39,13.815689261233816
Hombres,43,0-9,32.553,337.9889999999999,9.631378535987858
Hombres,43,10-19,39.446,337.9889999999999,11.670794019923727
Hombres,43,20-29,31.774,337.9889999999999,9.40089766234996
Hombres,43,30-39,37.748999999999995,337.9889999999999,11.168706673885838
Hombres,43,40-49,56.739000000000004,337.9889999999999,16.787232720591504
Hombres,43,50-59,50.855000000000004,337.9889999999999,15.046347662202027
Hombres,43,60-69,41.285,337.9889999999999,12.214894567574685
Hombres,43,70-79,30.243000000000002,337.9889999999999,8.947924340732985
Hombres,43,80+,17.345,337.9889999999999,5.131823816751433
Mujeres,43,0-9,30.137,341.62,8.821790293308354
Mujeres,43,10-19,36.739,341.62,10.754346935191148
Mujeres,43,20-29,30.215,341.62,8.84462268017095
Mujeres,43,30-39,36.374,341.62,10.647503073590538
Mujeres,43,40-49,53.59,341.62,15.687020666237341
Mujeres,43,50-59,50.119,341.62,14.670979450851823
Mujeres,43,60-69,42.987,341.62,12.583279667466776
Mujeres,43,70-79,33.934,341.62,9.933259176863181
Mujeres,43,80+,27.525000000000002,341.62,8.057198056319887
Hombres,44,0-9,4.4990000000000006,60.029,7.494710889736628
Hombres,44,10-19,5.356,60.029,8.922354195472188
Hombres,44,20-29,5.585,60.029,9.303836479035132
Hombres,44,30-39,6.724,60.029,11.201252727848205
Hombres,44,40-49,8.55,60.029,14.243115827350113
Hombres,44,50-59,9.870999999999999,60.029,16.44371886921321
Hombres,44,60-69,8.586,60.029,14.303086841360008
Hombres,44,70-79,5.737,60.029,9.557047427076911
Hombres,44,80+,5.121,60.029,8.530876742907594
Mujeres,44,0-9,4.283,58.397999999999996,7.334155279290387
Mujeres,44,10-19,5.186999999999999,58.397999999999996,8.88215349840748
Mujeres,44,20-29,5.208,58.397999999999996,8.918113634028565
Mujeres,44,30-39,5.871,58.397999999999996,10.053426487208467
Mujeres,44,40-49,7.555,58.397999999999996,12.93708688653721
Mujeres,44,50-59,9.261,58.397999999999996,15.858419808897564
Mujeres,44,60-69,7.49,58.397999999999996,12.825781704852906
Mujeres,44,70-79,6.077,58.397999999999996,10.406178293777185
Mujeres,44,80+,7.466,58.397999999999996,12.78468440700024
Hombres,45,0-9,31.086,316.753,9.813955984631558
Hombres,45,10-19,37.650000000000006,316.753,11.886233121706821
Hombres,45,20-29,32.292,316.753,10.194694288609737
Hombres,45,30-39,39.044,316.753,12.32632366544279
Hombres,45,40-49,52.805,316.753,16.670718193671412
Hombres,45,50-59,47.681000000000004,316.753,15.053053956868604
Hombres,45,60-69,35.649,316.753,11.254510612369891
Hombres,45,70-79,23.849000000000004,316.753,7.529210457359521
Hombres,45,80+,16.697,316.753,5.271299719339675
Mujeres,45,0-9,29.171999999999997,310.57800000000003,9.39280953576879
Mujeres,45,10-19,34.482,310.57800000000003,11.10252496957286
Mujeres,45,20-29,29.224000000000004,310.57800000000003,9.40955251176838
Mujeres,45,30-39,36.201,310.57800000000003,11.656009118482311
Mujeres,45,40-49,49.222,310.57800000000003,15.84851470484065
Mujeres,45,50-59,45.631,310.57800000000003,14.692283419946033
Mujeres,45,60-69,34.406,310.57800000000003,11.078054466188847
Mujeres,45,70-79,26.520000000000003,310.57800000000003,8.538917759789811
Mujeres,45,80+,25.720000000000002,310.57800000000003,8.281333513642306
Hombres,46,0-9,103.941,1127.116,9.22185471592986
Hombres,46,10-19,129.44899999999998,1127.116,11.484975814379354
Hombres,46,20-29,111.757,1127.116,9.915305966732795
Hombres,46,30-39,133.062,1127.116,11.805528446051694
Hombres,46,40-49,193.738,1127.116,17.188825285063828
Hombres,46,50-59,175.639,1127.116,15.583045578272333
Hombres,46,60-69,133.344,1127.116,11.830548053616488
Hombres,46,70-79,93.475,1127.116,8.293290131627977
Hombres,46,80+,52.711,1127.116,4.676626008325674
Mujeres,46,0-9,97.959,1177.8290000000002,8.316911877700413
Mujeres,46,10-19,122.266,1177.8290000000002,10.380624012483985
Mujeres,46,20-29,105.76400000000001,1177.8290000000002,8.979571737493302
Mujeres,46,30-39,128.137,1177.8290000000002,10.879083466275663
Mujeres,46,40-49,188.85399999999998,1177.8290000000002,16.034076253853485
Mujeres,46,50-59,179.449,1177.8290000000002,15.235573245352253
Mujeres,46,60-69,146.642,1177.8290000000002,12.450194383055603
Mujeres,46,70-79,116.645,1177.8290000000002,9.903390050677983
Mujeres,46,80+,92.113,1177.8290000000002,7.8205749731073
Hombres,47,0-9,20.022,239.89300000000003,8.34622102353966
Hombres,47,10-19,23.732999999999997,239.89300000000003,9.893160700812444
Hombres,47,20-29,20.733999999999998,239.89300000000003,8.643020013089167
Hombres,47,30-39,25.974000000000004,239.89300000000003,10.827327183369253
Hombres,47,40-49,40.89,239.89300000000003,17.045099273426068
Hombres,47,50-59,38.533,239.89300000000003,16.062577899313442
Hombres,47,60-69,31.698999999999998,239.89300000000003,13.213807822654264
Hombres,47,70-79,24.445999999999998,239.89300000000003,10.190376542875363
Hombres,47,80+,13.862,239.89300000000003,5.778409540920326
Mujeres,47,0-9,19.009,252.143,7.538975898597225
Mujeres,47,10-19,22.586,252.143,8.957615321464406
Mujeres,47,20-29,19.564999999999998,252.143,7.759485688676662
Mujeres,47,30-39,25.35,252.143,10.053818666391692
Mujeres,47,40-49,40.144,252.143,15.921124124008996
Mujeres,47,50-59,39.59,252.143,15.701407534613296
Mujeres,47,60-69,34.434,252.143,13.65653617193418
Mujeres,47,70-79,28.309,252.143,11.227359077983525
Mujeres,47,80+,23.156,252.143,9.183677516330018
Hombres,48,0-9,43.77499999999999,517.9390000000001,8.451767486132535
Hombres,48,10-19,52.42,517.9390000000001,10.120882961120902
Hombres,48,20-29,44.178,517.9390000000001,8.529575876695903
Hombres,48,30-39,55.635999999999996,517.9390000000001,10.74180550219234
Hombres,48,40-49,86.532,517.9390000000001,16.706986730097555
Hombres,48,50-59,85.30099999999999,517.9390000000001,16.469313953959823
Hombres,48,60-69,70.528,517.9390000000001,13.617047567377623
Hombres,48,70-79,49.509,517.9390000000001,9.558847663527944
Hombres,48,80+,30.060000000000002,517.9390000000001,5.803772258895352
Mujeres,48,0-9,41.547000000000004,556.3240000000001,7.468130082469927
Mujeres,48,10-19,49.562,556.3240000000001,8.908837296251823
Mujeres,48,20-29,42.044,556.3240000000001,7.557466512320158
Mujeres,48,30-39,54.458,556.3240000000001,9.788899993528949
Mujeres,48,40-49,85.128,556.3240000000001,15.301874447264542
Mujeres,48,50-59,88.092,556.3240000000001,15.834657501743585
Mujeres,48,60-69,77.74000000000001,556.3240000000001,13.973871341160907
Mujeres,48,70-79,61.992999999999995,556.3240000000001,11.143326550715049
Mujeres,48,80+,55.76,556.3240000000001,10.022936274545048
Hombres,49,0-9,4.769,81.095,5.8807571366915345
Hombres,49,10-19,6.029,81.095,7.4344904124791915
Hombres,49,20-29,6.75,81.095,8.323571120291016
Hombres,49,30-39,8.471,81.095,10.445773475553363
Hombres,49,40-49,11.315999999999999,81.095,13.954004562550097
Hombres,49,50-59,13.456,81.095,16.59288488809421
Hombres,49,60-69,12.453,81.095,15.356063875701336
Hombres,49,70-79,9.693000000000001,81.095,11.952648128737902
Hombres,49,80+,8.158,81.095,10.05980639990135
Mujeres,49,0-9,4.374,82.04199999999999,5.331415616391605
Mujeres,49,10-19,5.795,82.04199999999999,7.063455303381196
Mujeres,49,20-29,6.227,82.04199999999999,7.59001487043222
Mujeres,49,30-39,7.49,82.04199999999999,9.129470271324445
Mujeres,49,40-49,10.683,82.04199999999999,13.021379293532584
Mujeres,49,50-59,12.751999999999999,82.04199999999999,15.543258331098706
Mujeres,49,60-69,11.565,82.04199999999999,14.096438409595086
Mujeres,49,70-79,10.527999999999999,82.04199999999999,12.832451671095294
Mujeres,49,80+,12.628,82.04199999999999,15.392116233148878
Hombres,50,0-9,37.166,415.83400000000006,8.937701101881999
Hombres,50,10-19,44.959999999999994,415.83400000000006,10.81200671421769
Hombres,50,20-29,38.548,415.83400000000006,9.270045258444474
Hombres,50,30-39,46.366,415.83400000000006,11.150122404613377
Hombres,50,40-49,67.871,415.83400000000006,16.32165719974797
Hombres,50,50-59,65.305,415.83400000000006,15.704584040747028
Hombres,50,60-69,52.349999999999994,415.83400000000006,12.589158173694306
Hombres,50,70-79,38.747,415.83400000000006,9.31790089314486
Hombres,50,80+,24.520999999999997,415.83400000000006,5.896824213508274
Mujeres,50,0-9,34.948,435.755,8.020103039552042
Mujeres,50,10-19,42.06100000000001,435.755,9.652442312767496
Mujeres,50,20-29,36.251000000000005,435.755,8.319124278551023
Mujeres,50,30-39,44.294,435.755,10.16488623194226
Mujeres,50,40-49,66.546,435.755,15.271425456965499
Mujeres,50,50-59,65.491,435.755,15.029316932680063
Mujeres,50,60-69,56.743,435.755,13.021766818510402
Mujeres,50,70-79,47.012,435.755,10.788631226262464
Mujeres,50,80+,42.409000000000006,435.755,9.732303702768759
Hombres,51,0-9,5.074999999999999,1810.6950000000002,0.2802791193436774
Hombres,51,10-19,5.798,1810.6950000000002,0.3202085387102742
Hombres,51,20-29,5.335,1810.6950000000002,0.29463824664010224
Hombres,51,30-39,5.5280000000000005,1810.6950000000002,0.3052971372870638
Hombres,51,40-49,6.096,1810.6950000000002,0.33666630768848427
Hombres,51,50-59,5.661,1810.6950000000002,0.3126423831733119
Hombres,51,60-69,4.0360000000000005,1810.6950000000002,0.22289783757065657
Hombres,51,70-79,812.166,1810.6950000000002,44.853826845493025
Hombres,51,80+,961.0,1810.6950000000002,53.0735435840934
Mujeres,51,0-9,4.818,1765.363,0.27291837429469173
Mujeres,51,10-19,5.75,1765.363,0.32571204902334533
Mujeres,51,20-29,5.236000000000001,1765.363,0.29659622411934544
Mujeres,51,30-39,4.983,1765.363,0.2822648939623182
Mujeres,51,40-49,5.256,1765.363,0.29772913559420927
Mujeres,51,50-59,5.225999999999999,1765.363,0.29602976838191347
Mujeres,51,60-69,3.823,1765.363,0.21655602842021726
Mujeres,51,70-79,2.271,1765.363,0.1286420979707856
Mujeres,51,80+,1728.0,1765.363,97.88355142823318
Hombres,52,0-9,5.787000000000001,2433.41,0.237814425024965
Hombres,52,10-19,5.877,2433.41,0.2415129386334403
Hombres,52,20-29,5.734,2433.41,0.2356364114555295
Hombres,52,30-39,5.052,2433.41,0.2076098972224163
Hombres,52,40-49,5.0,2433.41,0.20547297824863053
Hombres,52,50-59,5.128,2433.41,0.21073308649179548
Hombres,52,60-69,3.832,2433.41,0.15747449052975043
Hombres,52,70-79,1618.0,2433.41,66.49105576125685
Hombres,52,80+,779.0,2433.41,32.012690011136634
Mujeres,52,0-9,5.409,3356.174,0.16116566066002536
Mujeres,52,10-19,5.629,3356.174,0.1677207439185215
Mujeres,52,20-29,4.93,3356.174,0.1468934566562997
Mujeres,52,30-39,4.584,3356.174,0.13658409844066488
Mujeres,52,40-49,4.593,3356.174,0.13685226093760336
Mujeres,52,50-59,4.6240000000000006,3356.174,0.13777593176039146
Mujeres,52,60-69,3.4050000000000002,3356.174,0.10145481134172425
Mujeres,52,70-79,1856.0,3356.174,55.30106603531283
Mujeres,52,80+,1467.0,3356.174,43.710487000971945
